{"6114733314": {"58196": {"state": "\u672a\u652f\u4ed8", "amount": "5", "time": "2023/10/13 23:38"}, "65138": {"state": "\u672a\u652f\u4ed8", "amount": "5", "time": "2023/10/14 19:26"}, "71679": {"state": "\u672a\u652f\u4ed8", "amount": "5", "time": "2023/10/14 19:30"}, "78058": {"state": "\u672a\u652f\u4ed8", "amount": "5", "time": "2023/10/14 19:34"}, "96187": {"state": "\u672a\u652f\u4ed8", "amount": "5", "time": "2023/10/14 19:34"}, "62522": {"state": "\u672a\u652f\u4ed8", "amount": "5", "time": "2023/10/14 22:12"}, "54023": {"state": "\u672a\u652f\u4ed8", "amount": "10", "time": "2023/10/15 00:25"}}, "6229677684": {"37384": {"state": "\u5df2\u652f\u4ed8", "amount": "1", "time": "2023/10/13 23:55"}, "26298": {"state": "\u5df2\u652f\u4ed8", "amount": "2", "time": "2023/10/14 00:04"}, "43349": {"state": "\u5df2\u652f\u4ed8", "amount": "1", "time": "2023/10/14 00:12"}, "84389": {"state": "\u672a\u652f\u4ed8", "amount": "5", "time": "2023/10/14 00:19"}, "87615": {"state": "\u672a\u652f\u4ed8", "amount": "1", "time": "2023/10/14 02:27"}, "27274": {"state": "\u5df2\u652f\u4ed8", "amount": "1", "time": "2023/10/14 11:11"}, "98199": {"state": "\u672a\u652f\u4ed8", "amount": "1", "time": "2023/10/14 15:14"}, "70133": {"state": "\u5df2\u652f\u4ed8", "amount": "1", "time": "2023/10/14 15:30"}, "41718": {"state": "\u672a\u652f\u4ed8", "amount": "2", "time": "2023/10/14 15:34"}, "52187": {"state": "\u672a\u652f\u4ed8", "amount": "2", "time": "2023/10/14 15:38"}, "48458": {"state": "\u672a\u652f\u4ed8", "amount": "2", "time": "2023/10/14 16:29"}, "12684": {"state": "\u672a\u652f\u4ed8", "amount": "2", "time": "2023/10/14 19:41"}, "36284": {"state": "\u672a\u652f\u4ed8", "amount": "3", "time": "2023/10/14 21:03"}, "72668": {"state": "\u5df2\u652f\u4ed8", "amount": "3", "time": "2023/10/20 02:54"}}, "6183694814": {"74629": {"state": "\u672a\u652f\u4ed8", "amount": "1", "time": "2023/10/14 02:59"}}, "6624865430": {"87235": {"state": "\u672a\u652f\u4ed8", "amount": "12", "time": "2023/10/19 18:50"}}, "6230045634": {"73531": {"state": "\u672a\u652f\u4ed8", "amount": "20", "time": "2023/10/19 20:14"}}, "5256478893": {}, "6185939220": {}, "6121119693": {}, "6170242628": {}}