{"6229677684": {"earned": "1.10", "withdrawed": "20.00"}, "6217741049": {"earned": "0.70", "withdrawed": "0.00"}, "6278797748": {"earned": "0.00", "withdrawed": "0.00"}, "6055123145": {"earned": "0.00", "withdrawed": "0.00"}, "6105201993": {"earned": "0.00", "withdrawed": "0.00"}, "6047061474": {"earned": "0.00", "withdrawed": "0.00"}, "6036402193": {"earned": "0.00", "withdrawed": "0.00"}, "6212337550": {"earned": "0.00", "withdrawed": "0.00"}, "6055325979": {"earned": "0.00", "withdrawed": "0.00"}, "6306817995": {"earned": "0.00", "withdrawed": "0.00"}, "5665623415": {"earned": "0.00", "withdrawed": "0.00"}, "6204940623": {"earned": "20.00", "withdrawed": "50.00"}, "5355283129": {"earned": "0.00", "withdrawed": "0.00"}, "12345": {"earned": "20.00", "withdrawed": "50.00"}, "6114733314": {"earned": "0.60", "withdrawed": "0.00"}, "6243219321": {"earned": "0.00", "withdrawed": "0.00"}, "5875649836": {"earned": "0.00", "withdrawed": "0.00"}, "5884469926": {"earned": "0.00", "withdrawed": "0.00"}, "6289030792": {"earned": "0.00", "withdrawed": "0.00"}, "5802317697": {"earned": "0.00", "withdrawed": "0.00"}, "5969182762": {"earned": "0.00", "withdrawed": "0.00"}, "6108169140": {"earned": "0.20", "withdrawed": "0.00"}, "5893142130": {"earned": "0.40", "withdrawed": "0.00"}, "5894790261": {"earned": "0.70", "withdrawed": "0.00"}, "5617599664": {"earned": "0.00", "withdrawed": "0.00"}, "5244082319": {"earned": "0.00", "withdrawed": "0.00"}, "5256478893": {"earned": "0.00", "withdrawed": "0.00"}, "5948338440": {"earned": "0.00", "withdrawed": "0.00"}, "6126338185": {"earned": "0.00", "withdrawed": "0.00"}, "5330611488": {"earned": "0.00", "withdrawed": "0.00"}, "6624865430": {"earned": "0.00", "withdrawed": "0.00"}, "5757241218": {"earned": "0.00", "withdrawed": "0.00"}, "6183694814": {"earned": "0.00", "withdrawed": "0.00"}, "6121119693": {"earned": "0.00", "withdrawed": "0.00"}, "6185939220": {"earned": "0.00", "withdrawed": "0.00"}, "5156386357": {"earned": "0.00", "withdrawed": "0.00"}}