{"Tiktok \u5173\u6ce8": [{"service": "1509", "name": "Tiktok \u5173\u6ce8 | \u6389\u843d10%\u5de6\u53f3\uff08\u771f\u4eba\u7c89\uff09", "type": "Default", "rate": "10.51", "min": "100", "max": "50000", "dripfeed": false, "refill": false, "cancel": true, "category": "Tiktok \u5173\u6ce8", "resell": 1.0}], "Instagram \u7c89\u4e1d": [{"service": "823", "name": "ig \u771f\u5b9e\u7c89\u4e1d - \u65e7\u5e10\u6237\u6389\u7387 0-1%", "type": "Default", "rate": "5.99", "min": "50", "max": "5000000", "dripfeed": false, "refill": false, "cancel": false, "category": "Instagram \u7c89\u4e1d", "resell": 1.0}, {"service": "1770", "name": "Instagram \u7c89\u4e1d| \u901f\u5ea660K/\u5929", "type": "Default", "rate": "5.61", "min": "50", "max": "2000000", "dripfeed": false, "refill": false, "cancel": false, "category": "Instagram \u7c89\u4e1d", "resell": 1.0}, {"service": "1772", "name": "Instagram \u7c89\u4e1d | \u8d28\u4fdd30\u5929 \u267b\ufe0f \u272a", "type": "Default", "rate": "4.95", "min": "50", "max": "5000000", "dripfeed": false, "refill": true, "cancel": false, "category": "Instagram \u7c89\u4e1d", "resell": 1.0}], "Facebook \u4e2a\u4eba\u8d44\u6599\u5173\u6ce8": [{"service": "795", "name": "\ud83c\udd55 Facebook \u4e2a\u4eba\u8d44\u6599\u5173\u6ce8 | \u4f4e\u6389\u843d", "type": "Default", "rate": "8.75", "min": "100", "max": "50000", "dripfeed": false, "refill": false, "cancel": false, "category": "Facebook \u4e2a\u4eba\u8d44\u6599\u5173\u6ce8", "resell": 1.0}], "TG \u7fa4\u7ec4/\u9891\u9053 | \u4e0d\u9000\u7fa4\u6210\u5458\u26a1\ufe0f\u26a1\ufe0f\u26a1\ufe0f": [{"service": "1771", "name": "\u26a1\ufe0fTG\u6210\u5458 | \u4e0d\u6389\u843d | \u5feb", "type": "Default", "rate": 6.723, "min": "10", "max": "200000", "dripfeed": false, "refill": false, "cancel": true, "category": "TG \u7fa4\u7ec4/\u9891\u9053 | \u4e0d\u9000\u7fa4\u6210\u5458\u26a1\ufe0f\u26a1\ufe0f\u26a1\ufe0f", "resell": 0.9}, {"service": "1544", "name": "TG\u6210\u5458\uff5c\u4e0d\u6389\u843d | \u516c/\u79c1 \ud83d\udd25\ud83d\udd25\ud83d\udd25", "type": "Default", "rate": 8.046, "min": "500", "max": "200000", "dripfeed": false, "refill": false, "cancel": false, "category": "TG \u7fa4\u7ec4/\u9891\u9053 | \u4e0d\u9000\u7fa4\u6210\u5458\u26a1\ufe0f\u26a1\ufe0f\u26a1\ufe0f", "resell": 0.9}], "TG \u9891\u9053\u5e16\u5b50\u6d4f\u89c8\u91cf": [{"service": "722", "name": "\u6307\u5b9a\u5237\u4e00\u6761\u5e16\u5b50\u7684\u6d4f\u89c8\u91cf\u2460", "type": "Default", "rate": 0.018000000000000002, "min": "100", "max": "1000000000", "dripfeed": false, "refill": false, "cancel": false, "category": "TG \u9891\u9053\u5e16\u5b50\u6d4f\u89c8\u91cf", "resell": 0.9}, {"service": "723", "name": "\u6307\u5b9a\u5237\u4e00\u6761\u5e16\u5b50\u7684\u6d4f\u89c8\u91cf\u2461", "type": "Default", "rate": 0.018000000000000002, "min": "100", "max": "1000000000", "dripfeed": false, "refill": false, "cancel": false, "category": "TG \u9891\u9053\u5e16\u5b50\u6d4f\u89c8\u91cf", "resell": 0.9}], "Telegram \u5e16\u5b50\u8868\u60c5\u70b9\u8d5e": [{"service": "1680", "name": "\u79ef\u6781\u8868\u60c5|\ud83d\udc4d\ud83e\udd29\ud83c\udf89\ud83d\udd25\u2764\ufe0f\ud83e\udd70\ud83d\udc4f\ud83c\udffb|+\u514d\u8d39\u6d4f\u89c8\u91cf", "type": "Default", "rate": 0.252, "min": "50", "max": "1000000", "dripfeed": false, "refill": false, "cancel": false, "category": "Telegram \u5e16\u5b50\u8868\u60c5\u70b9\u8d5e", "resell": 0.9}, {"service": "1681", "name": "\u79ef\u6781\u8868\u60c5|\ud83d\udc4c \ud83d\ude0d \u2764\ufe0f \ud83e\udd21 \ud83d\udc4d \ud83d\udc33|+ \u514d\u8d39\u6d4f\u89c8\u91cf", "type": "Default", "rate": 0.153, "min": "10", "max": "1000000", "dripfeed": false, "refill": false, "cancel": false, "category": "Telegram \u5e16\u5b50\u8868\u60c5\u70b9\u8d5e", "resell": 0.9}, {"service": "1682", "name": "\u8d1f\u9762\u8868\u60c5|\ud83d\udc4e \ud83d\ude31 \ud83d\udca9 \ud83d\ude22 \ud83e\udd2e|+ \u514d\u8d39\u6d4f\u89c8\u91cf", "type": "Default", "rate": 0.153, "min": "10", "max": "1000000", "dripfeed": false, "refill": false, "cancel": false, "category": "Telegram \u5e16\u5b50\u8868\u60c5\u70b9\u8d5e", "resell": 0.9}], "Instagram \u70b9\u8d5e\ud83d\udc4d": [{"service": "829", "name": "Instagram \u70b9\u8d5e | \u6df7\u5408 | \u4fbf\u5b9c\u26d4", "type": "Default", "rate": "0.20", "min": "10", "max": "100000", "dripfeed": false, "refill": false, "cancel": true, "category": "Instagram \u70b9\u8d5e\ud83d\udc4d", "resell": 1.0}, {"service": "830", "name": "Instagram \u70b9\u8d5e | \u6df7\u5408 | \u5feb\u26d4", "type": "Default", "rate": "0.21", "min": "20", "max": "200000", "dripfeed": false, "refill": false, "cancel": true, "category": "Instagram \u70b9\u8d5e\ud83d\udc4d", "resell": 1.0}], "\ud83d\udd25\ud83d\udd25\u70ed\u95e8\u670d\u52a1\ud83d\udd25\ud83d\udd25": [{"service": "1717", "name": "\u6d4b\u8bd5", "type": "Default", "rate": "1.00", "min": "10", "max": "500", "dripfeed": false, "refill": false, "cancel": false, "category": "\ud83d\udd25\ud83d\udd25\u70ed\u95e8\u670d\u52a1\ud83d\udd25\ud83d\udd25", "resell": 1.0}, {"service": "1024", "name": "\u8865\u5dee\u4ef7\u4e13\u7528", "type": "Default", "rate": "1000.00", "min": "1", "max": "100000", "dripfeed": false, "refill": false, "cancel": false, "category": "\ud83d\udd25\ud83d\udd25\u70ed\u95e8\u670d\u52a1\ud83d\udd25\ud83d\udd25", "resell": 1.0}]}