{"6204940623": {"6529": {"date": "11/09/23 18:10", "quantity": "100", "link": "https://t.me/dblarencom/42", "amount": "0.00", "name": "\u6df7\u5408\u79ef\u6781\u8868\u60c5 |\ud83d\udc4d\u2764\ufe0f\ud83d\udd25\ud83e\udd70\ud83d\udc4f\ud83d\ude01\ud83c\udf89\ud83e\udd29| +\u514d\u8d39\u6d4f\u89c8\u91cf", "id": "72828", "refunded": true}, "6540": {"date": "11/09/23 20:55", "quantity": "5000", "link": "https://t.me/bkajamamamsm", "amount": "6.67", "name": "TG\u6210\u5458\uff5c\u4e0d\u6389\u843d | \u516c/\u79c1 \ud83d\udd25\ud83d\udd25\ud83d\udd25", "id": "12360"}, "6541": {"date": "11/09/23 20:56", "quantity": "5000", "link": "https://t.me/bmaajmaamm", "amount": "6.67", "name": "TG\u6210\u5458\uff5c\u4e0d\u6389\u843d | \u516c/\u79c1 \ud83d\udd25\ud83d\udd25\ud83d\udd25", "id": "49776"}}, "5267420226": {"9145": {"date": "05/10/23 20:18", "quantity": "200", "link": "https://t.me/gdsdwe", "amount": "0.20", "name": "TG\u6210\u5458 | \u4e0d\u6389\u843d | \u4fbf\u5b9c | \u901f\u5ea6\u6162  \u272a", "id": "30696"}}, "5948338440": {"9300": {"date": "06/10/23 23:20", "quantity": "2431", "link": "https://t.me/shoujiziyuan", "amount": "2.48", "name": "TG\u6210\u5458 | \u4e0d\u6389\u843d | \u4fbf\u5b9c | \u901f\u5ea6\u6162  \u272a", "id": "89069"}}, "6114733314": {"9879": {"date": "09/10/23 19:59", "quantity": "10", "link": "Example.com", "amount": "0.00", "name": "\u6d4b\u8bd5", "id": "53179", "refunded": true}, "9880": {"date": "09/10/23 19:59", "quantity": "100", "link": "Example.com", "amount": "0.00", "name": "\u79ef\u6781\u8868\u60c5|\ud83d\udc4d\ud83e\udd29\ud83c\udf89\ud83d\udd25\u2764\ufe0f\ud83e\udd70\ud83d\udc4f\ud83c\udffb|+\u514d\u8d39\u6d4f\u89c8\u91cf", "id": "44528"}, "10020": {"date": "10/10/23 17:03", "quantity": "100", "link": "Example.com...", "amount": "0.03", "name": "\u6d4b\u8bd5", "id": "94569", "refunded": true}, "10086": {"date": "11/10/23 01:05", "quantity": "100", "link": "Example.com...", "amount": "0.03", "name": "\u6d4b\u8bd5", "id": "63959", "refunded": true}, "10150": {"date": "11/10/23 15:19", "quantity": "100", "link": "Example.com...", "amount": "0.03", "name": "\u6d4b\u8bd5", "id": "85170", "refunded": true}, "10157": {"date": "11/10/23 15:47", "quantity": "100", "link": "Example.com...", "amount": "0.03", "name": "\u6d4b\u8bd5", "id": "54152", "refunded": true}, "10162": {"date": "11/10/23 16:03", "quantity": "100", "link": "Example.com...", "amount": "0.03", "name": "\u6d4b\u8bd5", "id": "87498", "refunded": true}, "10240": {"date": "11/10/23 23:37", "quantity": "100", "link": "Example.com...", "amount": "0.01", "name": "\u6d4b\u8bd5", "id": "77592", "refunded": true}, "10241": {"date": "11/10/23 23:38", "quantity": "100", "link": "Example.com...", "amount": "0.01", "name": "\u6d4b\u8bd5", "id": "48945", "refunded": true}, "10242": {"date": "11/10/23 23:44", "quantity": "500", "link": "https://t.me/jistd_Su11rt...", "amount": "0.07", "name": "\u6d4b\u8bd5", "id": "89051", "refunded": true}, "10243": {"date": "11/10/23 23:45", "quantity": "500", "link": "https://t.me/jexample...", "amount": "0.07", "name": "\u6d4b\u8bd5", "id": "49717", "refunded": true}, "10244": {"date": "11/10/23 23:46", "quantity": "500", "link": "https://t.me/jistdSu11rt...", "amount": "0.07", "name": "\u6d4b\u8bd5", "id": "93752", "refunded": true}, "10246": {"date": "11/10/23 23:47", "quantity": "500", "link": "https://t.me/jistdSu11rt...", "amount": "0.07", "name": "\u6d4b\u8bd5", "id": "93026", "refunded": true}, "10247": {"date": "11/10/23 23:47", "quantity": "500", "link": "__...", "amount": "0.07", "name": "\u6d4b\u8bd5", "id": "11651", "refunded": true}, "10248": {"date": "11/10/23 23:48", "quantity": "100", "link": "Fhhv_ghhv...", "amount": "0.01", "name": "\u6d4b\u8bd5", "id": "75572", "refunded": true}, "10252": {"date": "12/10/23 00:08", "quantity": "100", "link": "Fhhv_ghhv...", "amount": "0.01", "name": "\u6d4b\u8bd5", "id": "19666", "refunded": true}, "10253": {"date": "12/10/23 00:09", "quantity": "100", "link": "Fhhv_ghhv...", "amount": "0.01", "name": "\u6d4b\u8bd5", "id": "21621", "refunded": true}, "10254": {"date": "12/10/23 00:09", "quantity": "50", "link": "Ghhccgh50...", "amount": "0.01", "name": "\u6d4b\u8bd5", "id": "40099", "refunded": true}, "10255": {"date": "12/10/23 00:11", "quantity": "50", "link": "Ghhccgh50...", "amount": "0.01", "name": "\u6d4b\u8bd5", "id": "73755", "refunded": true}, "10256": {"date": "12/10/23 00:11", "quantity": "500", "link": "https://t.me/jistd_Su11rt...", "amount": "0.07", "name": "\u6d4b\u8bd5", "id": "58971", "refunded": true}, "10260": {"date": "12/10/23 00:26", "quantity": "500", "link": "https://t.me/jistd_Su11rt...", "amount": "0.07", "name": "\u6d4b\u8bd5", "id": "40882", "refunded": true}, "10261": {"date": "12/10/23 00:26", "quantity": "300", "link": "https://t.me/jistd_Su11rt...", "amount": "0.04", "name": "\u6d4b\u8bd5", "id": "68403", "refunded": true}, "10262": {"date": "12/10/23 00:27", "quantity": "500", "link": "Gjbvv...", "amount": "0.07", "name": "\u6d4b\u8bd5", "id": "91458", "refunded": true}, "10263": {"date": "12/10/23 00:30", "quantity": "500", "link": "Gjbvv...", "amount": "0.07", "name": "\u6d4b\u8bd5", "id": "68882", "refunded": true}, "10264": {"date": "12/10/23 00:30", "quantity": "300", "link": "https://t.me/jistd_Su11rt...", "amount": "0.04", "name": "\u6d4b\u8bd5", "id": "51355", "refunded": true}, "10267": {"date": "12/10/23 00:40", "quantity": "300", "link": "https://t.me/jistd_Su11rt...", "amount": "0.04", "name": "\u6d4b\u8bd5", "id": "22726", "refunded": true}, "10268": {"date": "12/10/23 00:40", "quantity": "300", "link": "https://t.me/jistdSu11rt...", "amount": "0.04", "name": "\u6d4b\u8bd5", "id": "30589", "refunded": true}, "10275": {"date": "12/10/23 01:16", "quantity": "300", "link": "https://t.me/jistdSu11rt...", "amount": "0.04", "name": "\u6d4b\u8bd5", "id": "65639", "refunded": true}, "10276": {"date": "12/10/23 01:16", "quantity": "300", "link": "https://t.me/jistdSu11rt...", "amount": "0.20", "name": "\u6d4b\u8bd5", "id": "33547", "refunded": true}, "10278": {"date": "12/10/23 01:19", "quantity": "300", "link": "https://t.me/jistdSu11rt...", "amount": "0.20", "name": "\u6d4b\u8bd5", "id": "80314", "refunded": true}, "10280": {"date": "12/10/23 01:21", "quantity": "300", "link": "https://t.me/jistdSu11rt...", "amount": "0.20", "name": "\u6d4b\u8bd5", "id": "61906", "refunded": true}, "10287": {"date": "12/10/23 01:23", "quantity": "1500", "link": "https://t.me/jistdSu11rt...", "amount": "0.20", "name": "\u6d4b\u8bd5", "id": "52641", "refunded": true}, "10296": {"date": "12/10/23 01:25", "quantity": "1500", "link": "https://t.me/jistdSu11rt...", "amount": "0.20", "name": "\u6d4b\u8bd5", "id": "58957", "refunded": true}}, "6229677684": {"10037": {"date": "10/10/23 18:45", "quantity": "500", "link": "@yewsdfgsdfg...", "amount": "0.07", "name": "\u6d4b\u8bd5", "id": "11434", "refunded": true}, "10038": {"date": "10/10/23 18:46", "quantity": "500", "link": "https://t.me/jisu_Support...", "amount": "0.07", "name": "\u6d4b\u8bd5", "id": "97153", "refunded": true}, "10076": {"date": "10/10/23 23:57", "quantity": "500", "link": "https://t.me/jisu_Support...", "amount": "0.07", "name": "\u6d4b\u8bd5", "id": "52275", "refunded": true}, "10077": {"date": "10/10/23 23:58", "quantity": "500", "link": "https://t.me/jisu_Support...", "amount": "0.07", "name": "\u6d4b\u8bd5", "id": "84818", "refunded": true}, "10085": {"date": "11/10/23 00:57", "quantity": "500", "link": "https://t.me/jisu_Su11rt...", "amount": "0.07", "name": "\u6d4b\u8bd5", "id": "58205", "refunded": true}, "10163": {"date": "11/10/23 16:07", "quantity": "500", "link": "https://t.me/jisu_Su11rt...", "amount": "0.07", "name": "\u6d4b\u8bd5", "id": "17169", "refunded": true}, "10203": {"date": "11/10/23 21:22", "quantity": "500", "link": "https://t.me/jisu_Su11rt...", "amount": "0.07", "name": "\u6d4b\u8bd5", "id": "54131", "refunded": true}, "10238": {"date": "11/10/23 23:33", "quantity": "500", "link": "https://t.me/jisu_Su11rt...", "amount": "0.07", "name": "\u6d4b\u8bd5", "id": "61017", "refunded": true}, "10239": {"date": "11/10/23 23:34", "quantity": "500", "link": "https://t.me/jistd_Su11rt...", "amount": "0.07", "name": "\u6d4b\u8bd5", "id": "82483", "refunded": true}, "10245": {"date": "11/10/23 23:47", "quantity": "200", "link": "sdsweff...", "amount": "0.03", "name": "\u6d4b\u8bd5", "id": "77471", "refunded": true}, "10249": {"date": "11/10/23 23:49", "quantity": "500", "link": "https://t.me/dblaren1...", "amount": "0.07", "name": "\u6d4b\u8bd5", "id": "56450", "refunded": true}, "10257": {"date": "12/10/23 00:13", "quantity": "200", "link": "https://t.me/jisu_ewe...", "amount": "0.03", "name": "\u6d4b\u8bd5", "id": "90819", "refunded": true}, "10258": {"date": "12/10/23 00:16", "quantity": "200", "link": "https://t.me/jisu...", "amount": "0.03", "name": "\u6d4b\u8bd5", "id": "46760", "refunded": true}, "10259": {"date": "12/10/23 00:21", "quantity": "200", "link": "https://t.me/jisdfu...", "amount": "0.03", "name": "\u6d4b\u8bd5", "id": "43221", "refunded": true}, "10265": {"date": "12/10/23 00:31", "quantity": "500", "link": "https://t.me/jisefu...", "amount": "0.07", "name": "\u6d4b\u8bd5", "id": "93150", "refunded": true}, "10266": {"date": "12/10/23 00:39", "quantity": "100", "link": "https://t.me/chinaheimao...", "amount": "0.15", "name": "\u6d4b\u8bd5", "id": "51817", "refunded": true}, "10300": {"date": "12/10/23 01:30", "quantity": "1000", "link": "https://t.me/w11111...", "amount": "0.14", "name": "\u6d4b\u8bd5", "id": "68411", "refunded": true}, "10304": {"date": "12/10/23 01:32", "quantity": "1000", "link": "https://t.me/w_hf11111...", "amount": "0.14", "name": "\u6d4b\u8bd5", "id": "40184", "refunded": true}, "10308": {"date": "12/10/23 01:37", "quantity": "1000", "link": "https://t.me/whf11111...", "amount": "0.14", "name": "\u6d4b\u8bd5", "id": "15810", "refunded": true}, "10605": {"date": "13/10/23 18:05", "quantity": "100", "link": "@ceshi4154...", "amount": "0.16", "name": "Tiktok \u5173\u6ce8 | \u6389\u843d10%\u5de6\u53f3\uff08\u771f\u4eba\u7c89\uff09", "id": "18376", "refunded": true}, "10606": {"date": "13/10/23 18:11", "quantity": "1000", "link": "@pedrobenak2...", "amount": "1.57", "name": "Tiktok \u5173\u6ce8 | \u6389\u843d10%\u5de6\u53f3\uff08\u771f\u4eba\u7c89\uff09", "id": "86387"}, "13286": {"date": "20/10/23 13:50", "quantity": "500", "link": "https://t.me/dblaren1...", "amount": "0.07", "name": "\u6d4b\u8bd5", "id": "32002", "refunded": true}, "14838": {"date": "23/10/23 20:11", "quantity": "20", "link": "https://t.me/dblaren1...", "amount": "2.99", "name": "\u8865\u5dee\u4ef7\u4e13\u7528", "id": "92161", "refunded": true}}, "6230045634": {"12525": {"date": "18/10/23 22:15", "quantity": "1000", "link": "https://t.me/GDTG7...", "amount": "1.11", "name": "\u26a1\ufe0fTG\u6210\u5458 | \u4e0d\u6389\u843d | \u5feb", "id": "88100"}}, "6217741049": {"13131": {"date": "19/10/23 22:50", "quantity": "500", "link": "https://t.me/kgktyjdf...", "amount": "0.54", "name": "TG\u6210\u5458\uff5c\u4e0d\u6389\u843d | \u516c/\u79c1 \ud83d\udd25\ud83d\udd25\ud83d\udd25", "id": "29928"}, "13132": {"date": "19/10/23 22:55", "quantity": "500", "link": "https://t.me/jdfghdfh...", "amount": "0.54", "name": "TG\u6210\u5458\uff5c\u4e0d\u6389\u843d | \u516c/\u79c1 \ud83d\udd25\ud83d\udd25\ud83d\udd25", "id": "80631"}}, "6121119693": {"13287": {"date": "20/10/23 13:52", "quantity": "500", "link": "dfgdfdf...", "amount": "0.07", "name": "\u6d4b\u8bd5", "id": "10784", "refunded": true}}, "5132294605": {"14839": {"date": "23/10/23 20:14", "quantity": "20", "link": "https://t.me/jisou77...", "amount": "2.99", "name": "\u8865\u5dee\u4ef7\u4e13\u7528", "id": "80606", "refunded": true}, "15707": {"date": "25/10/23 21:56", "quantity": "20", "link": "https://t.me/jisou77...", "amount": "2.99", "name": "\u8865\u5dee\u4ef7\u4e13\u7528", "id": "96692", "refunded": true}, "15710": {"date": "25/10/23 21:59", "quantity": "30", "link": "dfdfdsf...", "amount": "4.48", "name": "\u8865\u5dee\u4ef7\u4e13\u7528", "id": "61713", "refunded": true}}, "6185939220": {"16030": {"date": "26/10/23 17:45", "quantity": "20", "link": "https://t.me/SOVIP08...", "amount": "2.99", "name": "\u8865\u5dee\u4ef7\u4e13\u7528", "id": "99761", "refunded": true}, "16145": {"date": "26/10/23 22:35", "quantity": "15", "link": "https://t.me/SOVIP08...", "amount": "2.2388", "name": "\u8865\u5dee\u4ef7\u4e13\u7528", "id": "41372", "refunded": true}, "16170": {"date": "26/10/23 23:18", "quantity": "25", "link": "ceshixiadan...", "amount": "3.7313", "name": "\u8865\u5dee\u4ef7\u4e13\u7528", "id": "35307", "refunded": true}, "16178": {"date": "26/10/23 23:22", "quantity": "25", "link": "@ceshixiadd1...", "amount": "3.7313", "name": "\u8865\u5dee\u4ef7\u4e13\u7528", "id": "24298", "refunded": true}, "16200": {"date": "27/10/23 00:49", "quantity": "20", "link": "https://t.me/SOVIP08...", "amount": "2.9851", "name": "\u8865\u5dee\u4ef7\u4e13\u7528", "id": "44048", "refunded": true}, "16492": {"date": "27/10/23 18:53", "quantity": "5", "link": "https://t.me/SOVIP08...", "amount": "0.7463", "name": "\u8865\u5dee\u4ef7\u4e13\u7528", "id": "24714", "refunded": true}, "16495": {"date": "27/10/23 18:57", "quantity": "7", "link": "@nihookd...", "amount": "1.0448", "name": "\u8865\u5dee\u4ef7\u4e13\u7528", "id": "40980", "refunded": true}}, "5156386357": {"16766": {"date": "28/10/23 13:59", "quantity": "5", "link": "https://t.me/SOVIP09...", "amount": "0.7463", "name": "\u8865\u5dee\u4ef7\u4e13\u7528", "id": "77777", "refunded": true}, "16767": {"date": "28/10/23 14:02", "quantity": "6", "link": "https://t.me/SOVIP09...", "amount": "0.8955", "name": "\u8865\u5dee\u4ef7\u4e13\u7528", "id": "17934", "refunded": true}}}