{"2023-09-05": {"new_people": "4", "recharged": "5000", "orders": "1"}, "2023-09-06": {"new_people": "2", "recharged": "0", "orders": "15"}, "2023-09-07": {"new_people": "2", "recharged": "0", "orders": "9"}, "2023-09-08": {"new_people": "0", "recharged": "0", "orders": "1"}, "2023-09-09": {"new_people": "0", "recharged": "7010", "orders": "12"}, "2023-09-10": {"new_people": "2", "recharged": "0", "orders": "29"}, "2023-09-11": {"new_people": "2", "recharged": "100", "orders": "27"}, "2023-09-12": {"new_people": "1", "recharged": "0", "orders": "0"}, "2023-09-13": {"new_people": "1", "recharged": "0", "orders": "0"}, "2023-09-15": {"new_people": "1", "recharged": "100", "orders": "0"}, "2023-09-16": {"new_people": "2", "recharged": "0", "orders": "0"}, "2023-09-17": {"new_people": "2", "recharged": "333", "orders": "0"}, "2023-09-18": {"new_people": "4", "recharged": "0", "orders": "0"}, "2023-09-19": {"new_people": "2", "recharged": "0", "orders": "0"}, "2023-09-23": {"new_people": "1", "recharged": "0", "orders": "0"}, "2023-09-26": {"new_people": "0", "recharged": "0", "orders": "1"}, "2023-09-28": {"new_people": "1", "recharged": "0", "orders": "0"}, "2023-09-29": {"new_people": "1", "recharged": "0", "orders": "0"}, "2023-09-30": {"new_people": "3", "recharged": "0", "orders": "0"}, "2023-10-01": {"new_people": "1", "recharged": "0", "orders": "0"}, "2023-10-02": {"new_people": "0", "recharged": "10", "orders": "0"}, "2023-10-04": {"new_people": "6", "recharged": "10", "orders": "0"}, "2023-10-05": {"new_people": "9", "recharged": "12", "orders": "1"}, "2023-10-06": {"new_people": "1", "recharged": "2", "orders": "1"}, "2023-10-08": {"new_people": "2", "recharged": "0", "orders": "0"}, "2023-10-09": {"new_people": "0", "recharged": "0", "orders": "4"}, "2023-10-10": {"new_people": "1", "recharged": "0", "orders": "6"}, "2023-10-11": {"new_people": "0", "recharged": "0", "orders": "19"}, "2023-10-12": {"new_people": "0", "recharged": "0", "orders": "26"}, "2023-10-13": {"new_people": "0", "recharged": "0", "orders": "3"}, "2023-10-14": {"new_people": "8", "recharged": "2", "orders": "0"}, "2023-10-15": {"new_people": "1", "recharged": "0", "orders": "0"}, "2023-10-17": {"new_people": "1", "recharged": "0", "orders": "0"}, "2023-10-18": {"new_people": "2", "recharged": "2", "orders": "1"}, "2023-10-19": {"new_people": "2", "recharged": "0", "orders": "2"}, "2023-10-20": {"new_people": "2", "recharged": "13", "orders": "2"}, "2023-10-21": {"new_people": "4", "recharged": "0", "orders": "0"}, "2023-10-22": {"new_people": "5", "recharged": "0", "orders": "0"}, "2023-10-23": {"new_people": "1", "recharged": "10", "orders": "2"}, "2023-10-24": {"new_people": "1", "recharged": "0", "orders": "0"}, "2023-10-25": {"new_people": "0", "recharged": "202935", "orders": "2"}, "2023-10-26": {"new_people": "1", "recharged": "185", "orders": "7"}, "2023-10-27": {"new_people": "0", "recharged": "-41", "orders": "3"}, "2023-10-28": {"new_people": "0", "recharged": "-5", "orders": "12"}, "2023-10-29": {"new_people": "0", "recharged": "0", "orders": "1"}}